compound_id,assay_chembl_id,assay_description,smiles,document_chembl_id,chembl_id,relation,standard_relation,standard_type,standard_units,standard_value,type,units,value,source,source_version,pull_date,hERG_variant
CMPD_02319,CHEMBL1011674,Inhibition of human ERG Y652A mutant expressed in HEK293 cells by whole cell patch clamp method,COc1cc(N)c(Cl)cc1C(=O)NC1CCN(CCCOc2ccc(F)cc2)CC1OC,CHEMBL1152811,CHEMBL1729,=,=,IC50,nM,2690.0,IC50,uM,2.69,ChEMBL,ChEMBL_API_live,2026-08-12,Y652A
CMPD_02320,CHEMBL1011676,Inhibition of human ERG F656A mutant expressed in HEK293 cells by whole cell patch clamp method,COc1cc(N)c(Cl)cc1C(=O)NC1CCN(CCCOc2ccc(F)cc2)CC1OC,CHEMBL1152811,CHEMBL1729,=,=,IC50,nM,1710.0,IC50,uM,1.71,ChEMBL,ChEMBL_API_live,2026-08-12,F656A
CMPD_02323,CHEMBL1011674,Inhibition of human ERG Y652A mutant expressed in HEK293 cells by whole cell patch clamp method,Cc1cccc(CCN2CCC(C(=O)c3ccc(NS(C)(=O)=O)cc3)CC2)n1.Cl.Cl,CHEMBL1152811,CHEMBL536480,=,=,IC50,nM,6780.0,IC50,uM,6.78,ChEMBL,ChEMBL_API_live,2026-08-12,Y652A
CMPD_02324,CHEMBL1011674,Inhibition of human ERG Y652A mutant expressed in HEK293 cells by whole cell patch clamp method,CC(C)(C)c1ccc(C(O)CCCN2CCC(C(O)(c3ccccc3)c3ccccc3)CC2)cc1,CHEMBL1152811,CHEMBL17157,=,=,IC50,nM,350.0,IC50,uM,0.35,ChEMBL,ChEMBL_API_live,2026-08-12,Y652A
CMPD_02325,CHEMBL1011676,Inhibition of human ERG F656A mutant expressed in HEK293 cells by whole cell patch clamp method,Cc1cccc(CCN2CCC(C(=O)c3ccc(NS(C)(=O)=O)cc3)CC2)n1.Cl.Cl,CHEMBL1152811,CHEMBL536480,=,=,IC50,nM,2950.0,IC50,uM,2.95,ChEMBL,ChEMBL_API_live,2026-08-12,F656A
CMPD_02326,CHEMBL1011676,Inhibition of human ERG F656A mutant expressed in HEK293 cells by whole cell patch clamp method,CC(C)(C)c1ccc(C(O)CCCN2CCC(C(O)(c3ccccc3)c3ccccc3)CC2)cc1,CHEMBL1152811,CHEMBL17157,=,=,IC50,nM,960.0,IC50,uM,0.96,ChEMBL,ChEMBL_API_live,2026-08-12,F656A
CMPD_02327,CHEMBL1011677,Inhibition of human ERG S624A mutant expressed in HEK293 cells by whole cell patch clamp method,COc1cc(N)c(Cl)cc1C(=O)NC1CCN(CCCOc2ccc(F)cc2)CC1OC,CHEMBL1152811,CHEMBL1729,=,=,IC50,nM,120.0,IC50,uM,0.12,ChEMBL,ChEMBL_API_live,2026-08-12,S624A
CMPD_02328,CHEMBL1011677,Inhibition of human ERG S624A mutant expressed in HEK293 cells by whole cell patch clamp method,Cc1cccc(CCN2CCC(C(=O)c3ccc(NS(C)(=O)=O)cc3)CC2)n1.Cl.Cl,CHEMBL1152811,CHEMBL536480,=,=,IC50,nM,690.0,IC50,uM,0.69,ChEMBL,ChEMBL_API_live,2026-08-12,S624A
CMPD_02329,CHEMBL1011677,Inhibition of human ERG S624A mutant expressed in HEK293 cells by whole cell patch clamp method,CC(C)(C)c1ccc(C(O)CCCN2CCC(C(O)(c3ccccc3)c3ccccc3)CC2)cc1,CHEMBL1152811,CHEMBL17157,=,=,IC50,nM,30.0,IC50,uM,0.03,ChEMBL,ChEMBL_API_live,2026-08-12,S624A
CMPD_04961,CHEMBL1820249,Inhibition of human ERG Y652A mutant channel expressed in HEK293 cells assessed as blockade of potassium tail current by whole-cell patch clamp technique,CCCCN1CCCC[C@@H]1C(=O)Nc1c(C)cccc1C.Cl,CHEMBL1817657,CHEMBL2447962,=,=,IC50,nM,276000.0,IC50,uM,276.0,ChEMBL,ChEMBL_API_live,2026-08-12,Y652A
CMPD_04962,CHEMBL1820250,Inhibition of human ERG F656A mutant channel expressed in HEK293 cells assessed as blockade of potassium tail current by whole-cell patch clamp technique,CCCCN1CCCC[C@@H]1C(=O)Nc1c(C)cccc1C.Cl,CHEMBL1817657,CHEMBL2447962,=,=,IC50,nM,758000.0,IC50,uM,758.0,ChEMBL,ChEMBL_API_live,2026-08-12,F656A
CMPD_04964,CHEMBL1820249,Inhibition of human ERG Y652A mutant channel expressed in HEK293 cells assessed as blockade of potassium tail current by whole-cell patch clamp technique,CCCCN1CCCCC1C(=O)Nc1c(C)cccc1C.Cl,CHEMBL1817657,CHEMBL1200396,=,=,IC50,nM,265000.0,IC50,uM,265.0,ChEMBL,ChEMBL_API_live,2026-08-12,Y652A
CMPD_04965,CHEMBL1820250,Inhibition of human ERG F656A mutant channel expressed in HEK293 cells assessed as blockade of potassium tail current by whole-cell patch clamp technique,CCCCN1CCCCC1C(=O)Nc1c(C)cccc1C.Cl,CHEMBL1817657,CHEMBL1200396,=,=,IC50,nM,866000.0,IC50,uM,866.0,ChEMBL,ChEMBL_API_live,2026-08-12,F656A
CMPD_04967,CHEMBL1820252,Inhibition of human ERG Y652A mutant channel expressed in CHO cells by whole-cell patch clamp technique,CCCCN1CCCCC1C(=O)Nc1c(C)cccc1C.Cl,CHEMBL1817657,CHEMBL1200396,=,=,IC50,nM,95000.0,IC50,uM,95.0,ChEMBL,ChEMBL_API_live,2026-08-12,Y652A
CMPD_04969,CHEMBL1820249,Inhibition of human ERG Y652A mutant channel expressed in HEK293 cells assessed as blockade of potassium tail current by whole-cell patch clamp technique,CCCCN1CCCC[C@H]1C(=O)Nc1c(C)cccc1C.Cl,CHEMBL1817657,CHEMBL1200749,=,=,IC50,nM,278000.0,IC50,uM,278.0,ChEMBL,ChEMBL_API_live,2026-08-12,Y652A
CMPD_04970,CHEMBL1820250,Inhibition of human ERG F656A mutant channel expressed in HEK293 cells assessed as blockade of potassium tail current by whole-cell patch clamp technique,CCCCN1CCCC[C@H]1C(=O)Nc1c(C)cccc1C.Cl,CHEMBL1817657,CHEMBL1200749,=,=,IC50,nM,1013000.0,IC50,uM,1013.0,ChEMBL,ChEMBL_API_live,2026-08-12,F656A
CMPD_04972,CHEMBL1820252,Inhibition of human ERG Y652A mutant channel expressed in CHO cells by whole-cell patch clamp technique,CCCCN1CCCC[C@H]1C(=O)Nc1c(C)cccc1C.Cl,CHEMBL1817657,CHEMBL1200749,=,=,IC50,nM,83000.0,IC50,uM,83.0,ChEMBL,ChEMBL_API_live,2026-08-12,Y652A
CMPD_07593,CHEMBL2400451,Binding affinity to human ERG F656A tetrameric mutant expressed in HEK293 cells assessed as inhibition of tail current measured upon repolarization to -120 mV by patch clamp method,C[C@@H]1CN(c2c(F)c(N)c3c(=O)c(C(=O)O)cn(C4CC4)c3c2F)C[C@H](C)N1,CHEMBL2396647,CHEMBL850,>,>,IC50,nM,250000.0,IC50,uM,250.0,ChEMBL,ChEMBL_API_live,2026-08-12,F656A
CMPD_07594,CHEMBL2400451,Binding affinity to human ERG F656A tetrameric mutant expressed in HEK293 cells assessed as inhibition of tail current measured upon repolarization to -120 mV by patch clamp method,C[C@H]1COc2c(N3CCN(C)CC3)c(F)cc3c(=O)c(C(=O)O)cn1c23.C[C@H]1COc2c(N3CCN(C)CC3)c(F)cc3c(=O)c(C(=O)O)cn1c23.O,CHEMBL2396647,CHEMBL5315124,>,>,IC50,nM,5000000.0,IC50,mM,5.0,ChEMBL,ChEMBL_API_live,2026-08-12,F656A
CMPD_07595,CHEMBL2400452,Binding affinity to human ERG F656A tandem dimeric mutant expressed in HEK293 cells assessed as inhibition of tail current measured upon repolarization to -120 mV by patch clamp method,C[C@@H]1CN(c2c(F)c(N)c3c(=O)c(C(=O)O)cn(C4CC4)c3c2F)C[C@H](C)N1,CHEMBL2396647,CHEMBL850,=,=,IC50,nM,33600.0,IC50,uM,33.6,ChEMBL,ChEMBL_API_live,2026-08-12,F656A
CMPD_07596,CHEMBL2400452,Binding affinity to human ERG F656A tandem dimeric mutant expressed in HEK293 cells assessed as inhibition of tail current measured upon repolarization to -120 mV by patch clamp method,C[C@H]1COc2c(N3CCN(C)CC3)c(F)cc3c(=O)c(C(=O)O)cn1c23.C[C@H]1COc2c(N3CCN(C)CC3)c(F)cc3c(=O)c(C(=O)O)cn1c23.O,CHEMBL2396647,CHEMBL5315124,=,=,IC50,nM,2300000.0,IC50,mM,2.3,ChEMBL,ChEMBL_API_live,2026-08-12,F656A
CMPD_07597,CHEMBL2400453,Binding affinity to human ERG S624A tetrameric mutant expressed in HEK293 cells assessed as inhibition of tail current measured upon repolarization to -40 mV by patch clamp method,C[C@@H]1CN(c2c(F)c(N)c3c(=O)c(C(=O)O)cn(C4CC4)c3c2F)C[C@H](C)N1,CHEMBL2396647,CHEMBL850,=,=,IC50,nM,46900.0,IC50,uM,46.9,ChEMBL,ChEMBL_API_live,2026-08-12,S624A
CMPD_07598,CHEMBL2400453,Binding affinity to human ERG S624A tetrameric mutant expressed in HEK293 cells assessed as inhibition of tail current measured upon repolarization to -40 mV by patch clamp method,C[C@H]1COc2c(N3CCN(C)CC3)c(F)cc3c(=O)c(C(=O)O)cn1c23.C[C@H]1COc2c(N3CCN(C)CC3)c(F)cc3c(=O)c(C(=O)O)cn1c23.O,CHEMBL2396647,CHEMBL5315124,=,=,IC50,nM,2100000.0,IC50,mM,2.1,ChEMBL,ChEMBL_API_live,2026-08-12,S624A
CMPD_07599,CHEMBL2400454,Binding affinity to human ERG Y652A tetrameric mutant expressed in HEK293 cells assessed as inhibition of tail current measured upon repolarization to -40 mV by patch clamp method,C[C@@H]1CN(c2c(F)c(N)c3c(=O)c(C(=O)O)cn(C4CC4)c3c2F)C[C@H](C)N1,CHEMBL2396647,CHEMBL850,>,>,IC50,nM,250000.0,IC50,uM,250.0,ChEMBL,ChEMBL_API_live,2026-08-12,Y652A
CMPD_07600,CHEMBL2400454,Binding affinity to human ERG Y652A tetrameric mutant expressed in HEK293 cells assessed as inhibition of tail current measured upon repolarization to -40 mV by patch clamp method,C[C@H]1COc2c(N3CCN(C)CC3)c(F)cc3c(=O)c(C(=O)O)cn1c23.C[C@H]1COc2c(N3CCN(C)CC3)c(F)cc3c(=O)c(C(=O)O)cn1c23.O,CHEMBL2396647,CHEMBL5315124,>,>,IC50,nM,5000000.0,IC50,mM,5.0,ChEMBL,ChEMBL_API_live,2026-08-12,Y652A
CMPD_07601,CHEMBL2400455,Binding affinity to human ERG Y652A tandem dimeric mutant expressed in HEK293 cells assessed as inhibition of tail current measured upon repolarization to -40 mV by patch clamp method,C[C@@H]1CN(c2c(F)c(N)c3c(=O)c(C(=O)O)cn(C4CC4)c3c2F)C[C@H](C)N1,CHEMBL2396647,CHEMBL850,=,=,IC50,nM,127600.0,IC50,uM,127.6,ChEMBL,ChEMBL_API_live,2026-08-12,Y652A
CMPD_07602,CHEMBL2400455,Binding affinity to human ERG Y652A tandem dimeric mutant expressed in HEK293 cells assessed as inhibition of tail current measured upon repolarization to -40 mV by patch clamp method,C[C@H]1COc2c(N3CCN(C)CC3)c(F)cc3c(=O)c(C(=O)O)cn1c23.C[C@H]1COc2c(N3CCN(C)CC3)c(F)cc3c(=O)c(C(=O)O)cn1c23.O,CHEMBL2396647,CHEMBL5315124,=,=,IC50,nM,2300000.0,IC50,mM,2.3,ChEMBL,ChEMBL_API_live,2026-08-12,Y652A
